{
  "project_info": {
    "project_number": "1018229478395",
    "project_id": "otp-verification-5e628",
    "storage_bucket": "otp-verification-5e628.appspot.com"
  },
  "client": [
    {
      "client_info": {
        "mobilesdk_app_id": "1:1018229478395:android:afae52b1e8efff88b2715e",
        "android_client_info": {
          "package_name": "com.muss.loginregister01"
        }
      },
      "oauth_client": [],
      "api_key": [
        {
          "current_key": "AIzaSyAhLX83ElWl_B01eOaSmEiHGlIVw4qM6us"
        }
      ],
      "services": {
        "appinvite_service": {
          "other_platform_oauth_client": []
        }
      }
    }
  ],
  "configuration_version": "1"
}